245983000000,0.0003625194798674094,0.002317345253701453,-0.13539486943308135,0.9907889421172407,1.2247819900512695,1.5922205448150635,1.5797688961029053,1.5071312189102173,1.2087674140930176,1.4086579084396362,1.894266356563584,1.436635241327799
246000000000,0.00035122250419254757,0.002325163712248684,-0.13538287464429782,0.9907905669259828,1.2246882915496826,1.5857644081115723,1.5767205953598022,1.5082446336746216,1.195124864578247,1.4128265380859375,1.8942599190694147,1.436642068898564
246017000000,0.0003293500861409058,0.002312100323535801,-0.13537240446497045,0.9907920356108981,1.2165720462799072,1.587486743927002,1.5770994424819946,1.5099413394927979,1.2015002965927124,1.4100854396820068,1.894253845363879,1.4366470244414569
246034000000,0.0003664838882082474,0.002302933436436107,-0.13536352792932022,0.990793256685609,1.2368695735931396,1.5838574171066284,1.5696384906768799,1.509916067123413,1.205412745475769,1.4047536849975586,1.8942504946085785,1.4366587230269
246051000000,0.00033789739188937824,0.0023186201016267925,-0.13534991136722282,0.9907950904798943,1.2260576486587524,1.5836366415023804,1.581839680671692,1.504998803138733,1.202888011932373,1.409974455833435,1.8942440919119925,1.4366642736715516
246068000000,0.00035071694998551456,0.002325636325708074,-0.13533860113409538,0.9907966145765578,1.2324224710464478,1.581874966621399,1.5839747190475464,1.5109397172927856,1.2041256427764893,1.4034358263015747,1.8942377103156873,1.4366710181667075
246085000000,0.0003624815459496725,0.0023243084532306646,-0.1353274464756826,0.9907981370731954,1.2290138006210327,1.5803227424621582,1.5796934366226196,1.510094165802002,1.2103246450424194,1.4160953760147095,1.8942313249351717,1.4366777692637223
246102000000,0.0003491992454707862,0.0023169595100005565,-0.13531649611916155,0.9907996546409112,1.2238720655441284,1.5696892738342285,1.5683555603027344,1.511099100112915,1.2000558376312256,1.4054068326950073,1.8942248310069338,1.4366818464096252
246119000000,0.0003501952363468044,0.0023248639262752383,-0.13530365091837643,0.9908013899965921,1.223830223083496,1.579928994178772,1.5689278841018677,1.510020136833191,1.1938257217407227,1.3993768692016602,1.894218293122575,1.4366905241690402
246136000000,0.00036131716493968913,0.002322865675917038,-0.1352856254942444,0.9908038520714325,1.2254458665847778,1.583052396774292,1.5824886560440063,1.508563756942749,1.203189730644226,1.4108859300613403,1.8942151591745604,1.4367083457188303
246153000000,0.00036096916827104016,0.0023172450568594277,-0.135273518656666,0.9908055183671771,1.2269269227981567,1.5768983364105225,1.576803207397461,1.502323865890503,1.2131259441375732,1.4134697914123535,1.8942084469374842,1.4367139114481633
246170000000,0.0003491971831805873,0.0023253985172413645,-0.13525367020293896,0.9908082131672599,1.224920630455017,1.5864278078079224,1.5737833976745605,1.5042903423309326,1.1981216669082642,1.4056055545806885,1.8942052704606467,1.436731792802069
246187000000,0.00033266523521522767,0.0023098968619784123,-0.1352393713138242,0.9908102069301518,1.2287043333053589,1.5871334075927734,1.5830426216125488,1.5163949728012085,1.2038363218307495,1.3955315351486206,1.8941985194433157,1.436737148631256
246204000000,0.00033597918677513684,0.002318932678129569,-0.13522181945073852,0.9908125802661432,1.2334082126617432,1.5812478065490723,1.5823339223861694,1.5201555490493774,1.1978527307510376,1.4120283126831055,1.8941953334284283,1.4367553115335938
246221000000,0.0003660282810449665,0.0023092305130139102,-0.13520907879910007,0.9908143309864034,1.2178393602371216,1.581729531288147,1.571738600730896,1.510918378829956,1.1902419328689575,1.407583475112915,1.8941884860351763,1.4367655023900885
246238000000,0.00036349977545783497,0.0023035735010407763,-0.13519247569991047,0.9908166106455664,1.225034236907959,1.579880952835083,1.5754536390304565,1.5040112733840942,1.198560357093811,1.4071234464645386,1.8941853343112511,1.4367798270648275
246255000000,0.0003309776261973499,0.0023087987560213045,-0.13517318577965612,0.9908192417127828,1.2307919263839722,1.5848219394683838,1.5810093879699707,1.5074588060379028,1.2035090923309326,1.397165298461914,1.8941784602678218,1.4367891370363501
246272000000,0.00032622145823666353,0.0023127199177724006,-0.13515917496048244,0.9908211454799216,1.2292866706848145,1.5748028755187988,1.5779812335968018,1.5029230117797852,1.2036768198013306,1.418164610862732,1.8941722163776722,1.4367984502722173
246289000000,0.00034588034126941395,0.002316722840209579,-0.13514069255695244,0.9908236504935167,1.2204909324645996,1.5779383182525635,1.5860017538070679,1.5123285055160522,1.2052054405212402,1.4021912813186646,1.8941684734787936,1.4368158925216008
246306000000,0.0003474995540475585,0.0023259415321475975,-0.13512703233053752,0.9908254913826102,1.2266610860824585,1.58753502368927,1.5814507007598877,1.5031181573867798,1.2020422220230103,1.4008501768112183,1.89416176890416,1.436824050289668
246323000000,0.0003586372521320697,0.0023239492092800213,-0.1351083480451316,0.9908280400391934,1.2287073135375977,1.5842927694320679,1.58146333694458,1.4999406337738037,1.201355218887329,1.4105355739593506,1.8941585070469407,1.4368420883354796
246340000000,0.00033768893560222167,0.0023200615919155452,-0.1350938222529023,0.9908300371251841,1.22953200340271,1.584852933883667,1.5816867351531982,1.5120607614517212,1.2004640102386475,1.4117717742919922,1.8941538343192863,1.4368509832672722
246357000000,0.00036419593495009927,0.0023099433481458017,-0.13508146416995578,0.9908317362502831,1.2219761610031128,1.5860844850540161,1.579768419265747,1.4974491596221924,1.199730396270752,1.4093130826950073,1.894146965509509,1.4368605857186778
246374000000,0.0003458170415501447,0.0023256631564549995,-0.13506206704259732,0.9908343503066683,1.2216098308563232,1.5877612829208374,1.5803450345993042,1.5151431560516357,1.2070966958999634,1.3987356424331665,1.8941426567153163,1.4368737249442882
246391000000,0.00035591101503428354,0.0023080725271780685,-0.1350456082008743,0.9908366312537172,1.2207374572753906,1.5938845872879028,1.5677483081817627,1.5040827989578247,1.2026352882385254,1.4052119255065918,1.8941395249447348,1.436886789983808
246408000000,0.00034295866695906516,0.002325647299192837,-0.13504105462082483,0.9908372153441191,1.2272493839263916,1.5853172540664673,1.5830570459365845,1.5010576248168945,1.1968472003936768,1.4123629331588745,1.8941351181045132,1.4368883620541213
246425000000,0.00034722081321634124,0.0023277142865723035,-0.13503852440088515,0.9908375538460069,1.224118947982788,1.579377293586731,1.5847514867782593,1.503339171409607,1.20538330078125,1.4021779298782349,1.894130716141196,1.4368912326447325
246442000000,0.0003460444659286718,0.002318445950193327,-0.13503551091426436,0.9908379866828518,1.2197949886322021,1.584130883216858,1.582285761833191,1.5128591060638428,1.1935760974884033,1.4084053039550781,1.894125798992108,1.4368938995494716
246459000000,0.0003472404076606101,0.002326764328079945,-0.1350323025380698,0.9908384040110315,1.2312666177749634,1.5880149602890015,1.5865328311920166,1.5141657590866089,1.2000035047531128,1.4003643989562988,1.8941202695355046,1.4368969238091451
246476000000,0.0003457401484705358,0.0023175291998587372,-0.13502920283952355,0.990838848603889,1.2202022075653076,1.5983108282089233,1.5742475986480713,1.502560019493103,1.2045401334762573,1.4105716943740845,1.8941153737865333,1.4368996097593094
246493000000,0.0003471207548801025,0.0023257491027234302,-0.13502598755350195,0.9908392670274501,1.2201217412948608,1.5807628631591797,1.5857343673706055,1.5061919689178467,1.1972074508666992,1.3977221250534058,1.8941098507886769,1.4369026513738246
246510000000,0.0003456326857311783,0.0023165047014341187,-0.13502288392294273,0.9908397121437688,1.2236218452453613,1.5957870483398438,1.5756776332855225,1.5033024549484253,1.2041383981704712,1.4006941318511963,1.8941049514056458,1.436905342610124
246527000000,0.0003469987076534769,0.0023247301745978133,-0.13501965903505767,0.9908401318555728,1.2189117670059204,1.581908106803894,1.5826373100280762,1.5090935230255127,1.1977826356887817,1.4043362140655518,1.8940994252306556,1.4369083913231275
246544000000,0.000345507643782229,0.0023154834466997975,-0.13501654648790976,0.9908405781634876,1.2115625143051147,1.5800392627716064,1.5835214853286743,1.509974479675293,1.201806664466858,1.3963370323181152,1.8940945238103026,1.4369110896309147
246561000000,0.00034687404782094376,0.002323706727160229,-0.13501331193688001,0.9908409991846704,1.2228492498397827,1.578050136566162,1.5896919965744019,1.5042850971221924,1.1969053745269775,1.400922417640686,1.8940889952715398,1.4369141462465318
246578000000,0.00034538138173808826,0.002314457160941675,-0.1350101907744509,0.990841446643608,1.2237292528152466,1.5823819637298584,1.5866749286651611,1.5150994062423706,1.2001245021820068,1.39990234375,1.8940840916673132,1.4369168515288437
246595000000,0.00034674697161415544,0.0023226789244755507,-0.13500694653636736,0.9908418689761138,1.2241607904434204,1.579741358757019,1.589035987854004,1.5055692195892334,1.2000917196273804,1.4117423295974731,1.8940785606618167,1.4369199159962434
246612000000,0.0003458070433481295,0.002321495011188009,-0.1349980472959462,0.9908430846025437,1.2259665727615356,1.5816744565963745,1.5749751329421997,1.5134552717208862,1.2061558961868286,1.4052646160125732,1.8940744413947765,1.436924466899405
246629000000,0.0003276475034801429,0.0023060413633562934,-0.13499642322450195,0.9908433481317495,1.2298920154571533,1.5826884508132935,1.5774346590042114,1.508873462677002,1.1921231746673584,1.4054553508758545,1.894069673178331,1.436919717347612
246646000000,0.0003210701298012219,0.002308082746943189,-0.13499467753529337,0.990843583369821,1.2216997146606445,1.581662893295288,1.5871566534042358,1.5036038160324097,1.2006170749664307,1.3984140157699585,1.8940658540270066,1.4369180754878628
246663000000,0.00034474014909543355,0.0023213853042975815,-0.1349790646969329,0.9908456713424345,1.226663589477539,1.581110954284668,1.582312822341919,1.5156762599945068,1.2013148069381714,1.410911202430725,1.8940637906537843,1.4369376115928985
246680000000,0.00036006851049251345,0.002298599448698213,-0.13496703106486008,0.9908473582327297,1.228981852531433,1.5829859972000122,1.5804123878479004,1.5009583234786987,1.1967397928237915,1.3963286876678467,1.8940598745125259,1.4369514773540881
246697000000,0.0003319750006877032,0.0023142310496456655,-0.13495378492446755,0.990849135873776,1.2210103273391724,1.5863722562789917,1.5729583501815796,1.5147147178649902,1.2041257619857788,1.4077880382537842,1.8940531347284002,1.4369570807171304
246714000000,0.00034482821198506463,0.0023213132700253213,-0.1349427319030855,0.9908506202777181,1.2242323160171509,1.5944435596466064,1.578913688659668,1.5053560733795166,1.2045764923095703,1.406504511833191,1.8940464513199327,1.4369642115386572
246731000000,0.00035664635181169546,0.002320103641432793,-0.1349318090655941,0.9908521064340324,1.217834234237671,1.5836385488510132,1.5732495784759521,1.5096776485443115,1.2017725706100464,1.4084277153015137,1.8940397759403982,1.4369713517247957
246748000000,0.0003433542301485751,0.0023127929237789584,-0.13492127601386933,0.9908535625285675,1.2254992723464966,1.5867047309875488,1.584043025970459,1.5127781629562378,1.20573091506958,1.4065746068954468,1.8940330089075632,1.4369757976400412
246765000000,0.0003277322521895221,0.002305273319398301,-0.13491056233345847,0.9908550441297476,1.2254656553268433,1.5804239511489868,1.57340407371521,1.5027066469192505,1.1988786458969116,1.4037014245986938,1.8940261983147075,1.4369800101649597
246782000000,0.00035554025689328453,0.002312841706611285,-0.13490258220370852,0.9908561034121643,1.2213208675384521,1.5908699035644531,1.5786761045455933,1.504942774772644,1.1921566724777222,1.4058493375778198,1.8940195216315563,1.436987473723561
246799000000,0.0003442545331423697,0.0023206648655583104,-0.1348904485313035,0.9908577409993938,1.2239608764648438,1.5915250778198242,1.5705517530441284,1.514439344406128,1.201174259185791,1.402768850326538,1.8940128257737574,1.4369946434552208
246816000000,0.00032213120408185354,0.002307504603954748,-0.13487989683743887,0.9908592155715725,1.2205617427825928,1.5814183950424194,1.5760747194290161,1.512290358543396,1.1968809366226196,1.406349539756775,1.8940064926480067,1.4369997801644656
246833000000,0.0003595385396402454,0.0022982431416474743,-0.1348707396042876,0.9908604707066949,1.225074291229248,1.594481348991394,1.5834083557128906,1.5123381614685059,1.2055549621582031,1.4038407802581787,1.8940029916276273,1.437011967379053
246850000000,0.0003308745833790506,0.002313861854882492,-0.13485757564644235,0.9908622360631628,1.2334634065628052,1.5909043550491333,1.5706148147583008,1.5080809593200684,1.1985101699829102,1.4006778001785278,1.8939962998846993,1.4370178988529316
246867000000,0.00034373777803932176,0.0023209168300723348,-0.13484652594768565,0.9908637189993627,1.2172974348068237,1.5819941759109497,1.5710822343826294,1.5055640935897827,1.1984513998031616,1.4105852842330933,1.8939895893546201,1.437025095683992
246884000000,0.0003555589115187785,0.0023197160507510807,-0.134835592622873,0.990865205493332,1.227769374847412,1.5942353010177612,1.5800634622573853,1.5099008083343506,1.2078523635864258,1.3991589546203613,1.8939828765867588,1.4370322993817823
246901000000,0.0003422642450463109,0.0023124103600000415,-0.13482503560921702,0.9908666637779712,1.2312707901000977,1.578937292098999,1.5794575214385986,1.513735294342041,1.1924519538879395,1.3991703987121582,1.8939760719344108,1.4370368147679258
246918000000,0.0003266204543507213,0.0023048673119875256,-0.13481432454319997,0.9908681440048993,1.2271618843078613,1.5827667713165283,1.578014612197876,1.514133334159851,1.2038695812225342,1.4085369110107422,1.8939692288176595,1.4370410665800255
246935000000,0.00035443670204443807,0.0023124355094905516,-0.13480631875073756,0.990869206021417,1.2213481664657593,1.5814870595932007,1.576692819595337,1.5060001611709595,1.197091817855835,1.412423849105835,1.89396251418176,1.4370486000727447
246952000000,0.0003431523941861904,0.002320257632612235,-0.13479416383403606,0.9908708452907654,1.2231907844543457,1.5901434421539307,1.5830551385879517,1.5167088508605957,1.1988366842269897,1.3993779420852661,1.8939557803456906,1.4370558363083452
246969000000,0.00032098896869192124,0.0023070671372223883,-0.134783595852023,0.9908723210870838,1.227487325668335,1.582951307296753,1.5728888511657715,1.5129445791244507,1.1958489418029785,1.4028737545013428,1.893949411851794,1.4370610166267779
246986000000,0.0003584427180469383,0.002297798451431248,-0.1347743974687853,0.9908735809516875,1.2245540618896484,1.5815420150756836,1.5798932313919067,1.511492133140564,1.1999412775039673,1.4048339128494263,1.8939458827379667,1.4370732847723395
247003000000,0.00032977576531934824,0.002313432475881411,-0.13476118940859197,0.9908753509434504,1.2282450199127197,1.5784716606140137,1.578869104385376,1.5038155317306519,1.204423427581787,1.4083420038223267,1.8939391527756984,1.437079278415567
247020000000,0.00034263947017152904,0.0023204907678273435,-0.13475012283910226,0.9908768350888202,1.2297070026397705,1.5981212854385376,1.5768367052078247,1.5058120489120483,1.2011597156524658,1.4127806425094604,1.893932404138524,1.4370865433998525
247037000000,0.00035446373066183275,0.0023193021227287808,-0.13473917473062896,0.990878322492745,1.2357308864593506,1.5881032943725586,1.5794079303741455,1.5076550245285034,1.2009245157241821,1.4125676155090332,1.8939256533938384,1.4370938155435535
247054000000,0.00034116635589067967,0.0023120013825581516,-0.13472859216188707,0.9908797831771525,1.222506046295166,1.5812439918518066,1.5753915309906006,1.5139620304107666,1.1994993686676025,1.4081449508666992,1.8939188114992886,1.437098404196883
247071000000,0.0003255019954709675,0.0023044346236159013,-0.13471788474114646,0.9908812618878146,1.2357786893844604,1.585284948348999,1.5770946741104126,1.507543683052063,1.2016104459762573,1.4035682678222656,1.8939119370183215,1.437102698266461
247088000000,0.0003533244901256224,0.0023120030186729364,-0.13470985179885758,0.990882326834108,1.221663236618042,1.5876960754394531,1.572244644165039,1.5164539813995361,1.1997039318084717,1.3942303657531738,1.8939051849162116,1.4371103051422016
247105000000,0.000342041384131632,0.0023198236599417735,-0.13469767401033372,0.9908839680013419,1.2274729013442993,1.5849415063858032,1.5750765800476074,1.5091185569763184,1.1996186971664429,1.3981273174285889,1.8938984136840513,1.4371176116567146
247122000000,0.00031983695784031134,0.0023065968642695207,-0.13468708736640128,0.9908854453527822,1.226098656654358,1.5730504989624023,1.5736745595932007,1.510894536972046,1.2007181644439697,1.4001702070236206,1.8938920117481661,1.4371228396111189
247139000000,0.00035733809675179485,0.002297324268516044,-0.1346778483701109,0.9908867098559186,1.2232658863067627,1.5822192430496216,1.5773131847381592,1.5079370737075806,1.1994946002960205,1.4015741348266602,1.8938884531116822,1.4371351899049334
247156000000,0.0003286675997723808,0.002312974246536457,-0.13466459321084776,0.9908884848776379,1.2263096570968628,1.5776406526565552,1.5758278369903564,1.5067546367645264,1.1991866827011108,1.4094574451446533,1.8938816861279375,1.4371412498403995
247173000000,0.00034153174610662224,0.002320036342044071,-0.13465350873828338,0.9908899703659872,1.2157323360443115,1.5893197059631348,1.5769270658493042,1.51021409034729,1.2063757181167603,1.409371256828308,1.8938749005847182,1.4371485871728535
247190000000,0.00035335925338124516,0.0023188615588870354,-0.13464254415127194,0.9908914589009139,1.2174583673477173,1.5740652084350586,1.5714693069458008,1.508747935295105,1.205428123474121,1.3992222547531128,1.8938681129356219,1.4371559326554062
247207000000,0.00034005898643184437,0.002311566100065729,-0.13463193358003964,0.9908929223092425,1.2278412580490112,1.5874199867248535,1.5795830488204956,1.5088754892349243,1.1978435516357422,1.3983219861984253,1.893861234909491,1.4371606003340303
247224000000,0.00032437512211196947,0.0023039749996229928,-0.1346212296349261,0.9908943995257828,1.2316479682922363,1.5821995735168457,1.578581690788269,1.5075231790542603,1.2054880857467651,1.3988769054412842,1.8938543310178162,1.4371649422262325
247241000000,0.00035220163264234385,0.00231154416699569,-0.13461316693808137,0.9908954677484776,1.2281919717788696,1.583231806755066,1.5764260292053223,1.5119941234588623,1.2027702331542969,1.4051481485366821,1.893847542679764,1.4371726279919055
247258000000,0.00034091956705835635,0.0023193626688512107,-0.1346009637288474,0.9908971111542938,1.2210588455200195,1.5810606479644775,1.5690051317214966,1.5073037147521973,1.1961193084716797,1.4009313583374023,1.8938407355172722,1.4371800103439176
247275000000,0.0003186735871312537,0.0023060938348096033,-0.13459035589449958,0.9908985904110279,1.2299734354019165,1.5822988748550415,1.5822052955627441,1.5083941221237183,1.2072689533233643,1.4041411876678467,1.8938343030456823,1.4371852925207498
247292000000,0.0003562231173529666,0.002296821372056727,-0.1345810785609937,0.9908998592239456,1.2278130054473877,1.5922821760177612,1.5806645154953003,1.5062326192855835,1.210130214691162,1.4111220836639404,1.8938307140389778,1.437197729054503
247309000000,0.00032754852506944283,0.0023124878601407063,-0.13456777351248378,0.9909016396412681,1.2194082736968994,1.5781495571136475,1.5856727361679077,1.51051664352417,1.2083498239517212,1.406162977218628,1.8938239121855043,1.4372038635785336
247326000000,0.00034041339322080235,0.002319554438504279,-0.13455667092436452,0.9909031264940488,1.227060317993164,1.580149531364441,1.58146333694458,1.506291151046753,1.196021556854248,1.403135061264038,1.893817092120324,1.4372112817685863
247343000000,0.000352246906351309,0.002318387820113948,-0.13454536606321094,0.9909046601318157,1.228636622428894,1.58066725730896,1.5805881023406982,1.5092949867248535,1.2079476118087769,1.3998866081237793,1.8938103017793733,1.437218648658207
247360000000,0.0003389403197265832,0.002311097687536217,-0.13453415575370728,0.9909062038773275,1.2274264097213745,1.5853900909423828,1.582998275756836,1.5063416957855225,1.20096755027771,1.4044376611709595,1.8938034585180223,1.4372232920121526
247377000000,0.0003231967857848479,0.002303479123569454,-0.13452288178629898,0.9909077574646765,1.222628116607666,1.6019238233566284,1.5911803245544434,1.5099443197250366,1.2013559341430664,1.4114079475402832,1.8937965946542992,1.4372275878470733
247394000000,0.0003510639799001034,0.0023110518987556152,-0.1345142125544192,0.9909089072230948,1.2176014184951782,1.5846489667892456,1.5794540643692017,1.4986766576766968,1.203142762184143,1.4160335063934326,1.8937898422757138,1.4372352665517212
247411000000,0.00033978526052984585,0.0023188859369792,-0.1345013989368237,0.9909106321954697,1.227462649345398,1.583533763885498,1.577136754989624,1.5079647302627563,1.2032603025436401,1.404771327972412,1.8937830712630324,1.4372426400783416
247428000000,0.0003175361993439687,0.00230571221489521,-0.13449019973551174,0.990912190376648,1.2155202627182007,1.5897794961929321,1.5785236358642578,1.4980767965316772,1.2092041969299316,1.4020841121673584,1.8937766571554693,1.4372479079249223
247445000000,0.0003550395978491817,0.002296477108671932,-0.13448029236940656,0.9909135437080332,1.2249903678894043,1.58670175075531,1.5786242485046387,1.50148606300354,1.1918387413024902,1.3958882093429565,1.8937730992789152,1.4372603509976305
247462000000,0.0003264480035835318,0.0023121404956873105,-0.13446637828325494,0.9909154053446813,1.2211984395980835,1.5889308452606201,1.5757826566696167,1.502418875694275,1.2017529010772705,1.4007030725479126,1.893766332487156,1.4372665137474139
247479000000,0.000339271069264048,0.00231918729253224,-0.13445484893333653,0.9909169490243657,1.2205692529678345,1.5841090679168701,1.5706946849822998,1.5059322118759155,1.1947576999664307,1.3975132703781128,1.8937595475938456,1.4372739283408615
247496000000,0.0003510297386348232,0.0023176460470965376,-0.13444348955193058,0.9909184897921842,1.2241888046264648,1.583597183227539,1.5778768062591553,1.5125761032104492,1.202515959739685,1.3987650871276855,1.8937527375238519,1.4372811582063931
247513000000,0.00033772343988042777,0.00231043192075503,-0.1344323803772675,0.9909200184441322,1.230677604675293,1.5871529579162598,1.577589511871338,1.4994455575942993,1.204233169555664,1.4098491668701172,1.8937458756560044,1.4372855767559032
247530000000,0.00032177969222993105,0.0023027950404322164,-0.13442125057357476,0.9909215513788505,1.2271004915237427,1.5907329320907593,1.578328013420105,1.511842966079712,1.2061364650726318,1.3975070714950562,1.8937389999456893,1.4372896051949386
247547000000,0.0003498487556253952,0.0023105895771676896,-0.13441275134363997,0.9909226766291541,1.2271738052368164,1.5827746391296387,1.5768924951553345,1.5025478601455688,1.1934895515441895,1.4002397060394287,1.8937322146927746,1.437297155524931
247564000000,0.0003385711591787216,0.0023184213209066157,-0.13440005076787367,0.9909243849284072,1.229628562927246,1.5886131525039673,1.5794196128845215,1.5127543210983276,1.206575870513916,1.4070278406143188,1.8937254088519582,1.4373042614390412
247581000000,0.0003163222097852678,0.002305240201450586,-0.1343889795836422,0.9909259245646673,1.2243189811706543,1.5900202989578247,1.5802977085113525,1.508101224899292,1.196234107017517,1.4077880382537842,1.8937189559606578,1.4373092269748513
247598000000,0.00035375818723566027,0.0022960608582729895,-0.13437915549981286,0.990927265507836,1.2264517545700073,1.585979700088501,1.575072169303894,1.500428557395935,1.1947046518325806,1.4029943943023682,1.8937153455997902,1.437321377120735
247615000000,0.0003252267805970485,0.0023117206648574887,-0.13436530719004242,0.9909291167378395,1.2231104373931885,1.5930097103118896,1.5837459564208984,1.5037331581115723,1.195806622505188,1.4026116132736206,1.8937085389103443,1.4373272596922173
247632000000,0.00033804748941702233,0.002318711347840573,-0.13435387583596578,0.9909306460844948,1.23069167137146,1.58069908618927,1.5793437957763672,1.5058668851852417,1.203836441040039,1.3998007774353027,1.8937017121966235,1.4373343805189682
247649000000,0.000349807429096456,0.0023172257315990067,-0.13434260944742946,0.990932172949555,1.2256792783737183,1.5884346961975098,1.576499342918396,1.5123568773269653,1.2054331302642822,1.394953727722168,1.893694881676529,1.4373415062933415
247666000000,0.0003365066399664994,0.002310005666831145,-0.13433144038656072,0.99093370856015,1.2241603136062622,1.5836106538772583,1.5813238620758057,1.508479118347168,1.1967101097106934,1.4041099548339844,1.8936879736521899,1.437345993668604
247683000000,0.0003205269584270652,0.002302327514856647,-0.1343202854311702,0.9909352438339109,1.2162715196609497,1.5920917987823486,1.573323369026184,1.5160565376281738,1.206302285194397,1.404405117034912,1.8936810610571806,1.437350042272408
247700000000,0.0003486238087408753,0.002310144636396581,-0.1343117442849317,0.9909363738607733,1.2231237888336182,1.5961124897003174,1.5781985521316528,1.5134698152542114,1.2072209119796753,1.410943627357483,1.893674224704237,1.4373576619456314
247717000000,0.00033751656565227,0.002323946922797123,-0.13429593323010774,0.9909384883387679,1.22129487991333,1.5813041925430298,1.579559564590454,1.5041577816009521,1.2009676694869995,1.4082882404327393,1.8936706486868748,1.43737132234608
247734000000,0.000340557867910361,0.0023095628210427275,-0.13428858142902494,0.9909395172449701,1.2222529649734497,1.5924785137176514,1.5786092281341553,1.5124833583831787,1.1959342956542969,1.4179050922393799,1.8936671780181022,1.4373759656501184
247751000000,0.0003379855259034136,0.002318799904803668,-0.1342861321750071,0.9909398284650094,1.2239353656768799,1.5846418142318726,1.5646666288375854,1.5098838806152344,1.1971354484558105,1.4030680656433105,1.893661151282622,1.437378205129103
247768000000,0.00033642161605534747,0.0023095297611968003,-0.13428278648100742,0.9909403040282874,1.2264100313186646,1.5851024389266968,1.5832487344741821,1.5035476684570312,1.1934548616409302,1.4066916704177856,1.893656107641838,1.4373810214324634
247785000000,0.0003378523644723721,0.002317766864142036,-0.13427938876956308,0.9909407447290761,1.2246904373168945,1.588771104812622,1.5728126764297485,1.504024624824524,1.2063244581222534,1.4114915132522583,1.8936504112061847,1.4373841803323515
247802000000,0.00033606278641470574,0.002308821016081835,-0.13427483465378445,0.9909413833249766,1.2315226793289185,1.5857106447219849,1.5799634456634521,1.5065250396728516,1.1927003860473633,1.400590181350708,1.8936459252403233,1.4373871495167128
247819000000,0.00033574383591937376,0.0023166519008994664,-0.13427452350661956,0.9909414073178683,1.2315881252288818,1.586121678352356,1.5767371654510498,1.502799153327942,1.1944410800933838,1.3988045454025269,1.8936394588169947,1.437388146153805
247836000000,0.0003262329413308961,0.002309041022643464,-0.13426228154791933,0.9909430869909588,1.2363632917404175,1.5866098403930664,1.583125114440918,1.5014152526855469,1.2037267684936523,1.4009302854537964,1.893635556833575,1.4374003532706043
247853000000,0.0003241819745129286,0.002306432524206466,-0.13425724628308514,0.9909437759507559,1.2332210540771484,1.5829499959945679,1.5871362686157227,1.508677363395691,1.209106206893921,1.40817129611969,1.8936276359980588,1.4374054982457376
247870000000,0.0003352930092546484,0.002312434408983127,-0.13423563360855412,0.9909466862023467,1.222610354423523,1.5868170261383057,1.5764105319976807,1.509777545928955,1.1991432905197144,1.4049619436264038,1.8936237263292173,1.4374241375120385
247887000000,0.0003364352499214749,0.002307353224833183,-0.13422677236867528,0.9909478979804672,1.2316362857818604,1.5929585695266724,1.575826644897461,1.5030858516693115,1.18692946434021,1.4046387672424316,1.8936191914939489,1.4374301441131332
247904000000,0.0003333160548421607,0.002305324936228274,-0.13422626026613715,0.9909479731208461,1.2263597249984741,1.589438796043396,1.5825247764587402,1.5087732076644897,1.209305763244629,1.4026895761489868,1.893611414231532,1.4374296346740385
247921000000,0.0003240866615598259,0.0023057323608740763,-0.13421711149406945,0.9909492144142931,1.2227646112442017,1.5916274785995483,1.5846863985061646,1.5042195320129395,1.206236481666565,1.397200584411621,1.8936083190169863,1.4374404783832708
247938000000,0.0003176379142990307,0.002298475063414716,-0.13421156308624688,0.9909499848390355,1.2219973802566528,1.5883809328079224,1.5786612033843994,1.502423644065857,1.1949328184127808,1.4113175868988037,1.8935999560136034,1.437443860900555
247955000000,0.00033538956527659404,0.0023142127243129702,-0.13420435662376165,0.9909509183589813,1.2214810848236084,1.5902018547058105,1.5796619653701782,1.5101094245910645,1.1988162994384766,1.401312232017517,1.8935939485416708,1.437448598100016
247972000000,0.00035020729041046906,0.0022921144361023097,-0.13419658139642401,0.990952017560779,1.2234247922897339,1.583075761795044,1.5849413871765137,1.5070568323135376,1.198136568069458,1.3983702659606934,1.8935905310399566,1.4374630812842075
247989000000,0.00033557476267147794,0.0023197500247387638,-0.13418985855280885,0.9909528687132294,1.2252278327941895,1.5885554552078247,1.5803210735321045,1.51301109790802,1.1930910348892212,1.4209895133972168,1.893585527380024,1.4374652645923003
248006000000,0.00033231854576415654,0.002303113329745985,-0.1341858397173435,0.9909534528184086,1.2339041233062744,1.5806559324264526,1.5727505683898926,1.5008764266967773,1.207261562347412,1.3937327861785889,1.8935767245423916,1.437465087209686
248023000000,0.0003338521865180223,0.00231574674712001,-0.13417009040749575,0.9909555553604638,1.2256556749343872,1.5931340456008911,1.5782362222671509,1.505128026008606,1.2061481475830078,1.4104703664779663,1.893572103741926,1.4374840901494212
248040000000,0.00031369751411251427,0.002297051289048056,-0.13415955013898184,0.9909570324972478,1.2303824424743652,1.5902222394943237,1.5781919956207275,1.5063693523406982,1.20401930809021,1.4073642492294312,1.893569246553991,1.4374914338804494
248057000000,0.0003455911323178484,0.002306971020747025,-0.1341478306835718,0.9909585853981844,1.21666419506073,1.5790995359420776,1.5744487047195435,1.5066826343536377,1.196304202079773,1.400542974472046,1.8935624301456104,1.437499142567002
248074000000,0.00033422344007639566,0.002314797136440556,-0.1341336274451874,0.9909604936612282,1.2167505025863647,1.5877602100372314,1.5679223537445068,1.5184905529022217,1.2062828540802002,1.3996866941452026,1.8935555711992176,1.4375070072109317
248091000000,0.00031121641871808983,0.002300590860339116,-0.13412116428015905,0.9909622211356842,1.2248973846435547,1.5866180658340454,1.5795141458511353,1.5012151002883911,1.1998097896575928,1.411615252494812,1.89354927786954,1.4375124452071322
248108000000,0.00035007414457544945,0.002291255439992147,-0.13410975436399714,0.9909637740003568,1.2278879880905151,1.588919997215271,1.5798372030258179,1.5116703510284424,1.1997720003128052,1.3980674743652344,1.8935457315199116,1.4375253984208263
248125000000,0.0003303488600069741,0.0022971866575531383,-0.13409781709138743,0.9909653824702537,1.22391939163208,1.5808671712875366,1.582214117050171,1.5103106498718262,1.1986883878707886,1.4114161729812622,1.893540307242946,1.4375339887023366
248142000000,0.00033373566448423076,0.002315982219213657,-0.13409273631465413,0.9909660251060656,1.2289259433746338,1.5873007774353027,1.5820069313049316,1.4985451698303223,1.1999642848968506,1.4024691581726074,1.893535603821141,1.4375380493060534
248159000000,0.00032736744311288033,0.002310385018440207,-0.1340911853445925,0.9909662501642051,1.2208094596862793,1.59014892578125,1.5777649879455566,1.5068578720092773,1.2066978216171265,1.4012972116470337,1.8935301918956984,1.437539326663524
248176000000,0.0003343214293835936,0.0023228233685006496,-0.13409141197797633,0.9909661880985311,1.224347472190857,1.5835784673690796,1.570072889328003,1.503535270690918,1.2133435010910034,1.4132887125015259,1.893524451084431,1.437539916692889
248193000000,0.00033188124547996927,0.0023112076840939,-0.13408884343222402,0.9909665636341565,1.2287609577178955,1.5775066614151,1.5763652324676514,1.5066816806793213,1.1980689764022827,1.3952381610870361,1.8935239274793738,1.4375410196780556
248210000000,0.00034647903107856557,0.002296248592558254,-0.1340897928995995,0.9909664649395684,1.2255184650421143,1.587700605392456,1.5722136497497559,1.513250708580017,1.19706392288208,1.4078741073608398,1.893522813369967,1.4375409217926154
248227000000,0.00031461768695462426,0.002299192555618832,-0.13407278748314455,0.9909687696319208,1.2298824787139893,1.5855149030685425,1.584251046180725,1.5077180862426758,1.2026877403259277,1.4024920463562012,1.8935135196408537,1.4375550673723292
248244000000,0.00031324371330469086,0.0022964605650709446,-0.13405745022472607,0.9909708513303983,1.2229670286178589,1.5910265445709229,1.5810606479644775,1.5138822793960571,1.1931363344192505,1.4076708555221558,1.8935071979583338,1.4375710446352965
248261000000,0.00033247951434534626,0.002314764672714403,-0.1340536140054227,0.9909713214286111,1.221767783164978,1.5894962549209595,1.5769070386886597,1.5086344480514526,1.1967717409133911,1.4103553295135498,1.8935044561470122,1.4375773866757657
248278000000,0.0003165119626503165,0.0022991363176552045,-0.1340398751483234,0.9909732214659447,1.217413306236267,1.59026300907135,1.5839122533798218,1.5195322036743164,1.204493522644043,1.4106024503707886,1.8934976237975185,1.4375822405938976
248295000000,0.0003428469443551374,0.0023064816077551127,-0.13402684950646754,0.9909749574080753,1.2246824502944946,1.5891026258468628,1.5731216669082642,1.5099543333053589,1.210134506225586,1.4060211181640625,1.8934915336108982,1.4375920149892936
248312000000,0.0003327038969487358,0.002323488964871948,-0.1340129149301238,0.9909768056514131,1.2251167297363281,1.5868926048278809,1.5725963115692139,1.5063785314559937,1.202565312385559,1.4065266847610474,1.893488810345407,1.4376048348491601
248329000000,0.00033707350771002974,0.0023185796194125793,-0.1340139098925976,0.9909766811208515,1.2222576141357422,1.5845928192138672,1.5734223127365112,1.5007325410842896,1.1998167037963867,1.411239743232727,1.8934852043994987,1.4376044749600565
248346000000,0.0003309312830847855,0.0023132772310685804,-0.13399414664597145,0.9909793680483746,1.2325090169906616,1.578304648399353,1.5742815732955933,1.5265403985977173,1.2051275968551636,1.408727765083313,1.8934803275329888,1.4376221102209616
248363000000,0.0003319917967229939,0.002323249952779186,-0.1339921186643032,0.9909796185729328,1.2221498489379883,1.5870280265808105,1.5835391283035278,1.4974967241287231,1.1974446773529053,1.3991724252700806,1.8934776537251632,1.4376227628214437
248380000000,0.0003199904696695707,0.0023068005068781947,-0.13399098801270795,0.990979813825135,1.2168341875076294,1.5782537460327148,1.583263635635376,1.4946664571762085,1.2004022598266602,1.4116177558898926,1.8934754885705665,1.4376238078938623
248397000000,0.00033019535031778176,0.0023067464969778783,-0.13397479263488823,0.9909820002553367,1.2317442893981934,1.5827386379241943,1.5762022733688354,1.5140310525894165,1.2009410858154297,1.406205177307129,1.8934716901014805,1.4376404168682675
248414000000,0.00034001779741464643,0.0023082124985488147,-0.1339734780734032,0.9909821712401664,1.2291713953018188,1.5953978300094604,1.5824177265167236,1.5089833736419678,1.1936286687850952,1.4076693058013916,1.893464241327944,1.4376374646828405
248431000000,0.00032171373191924505,0.0023074285412164287,-0.13396750956911788,0.9909829860565973,1.2314804792404175,1.5982390642166138,1.5844320058822632,1.5018348693847656,1.202606439590454,1.406348705291748,1.893461047146234,1.4376468424907833
248448000000,0.00033053001840568756,0.0023144426110308933,-0.13396843196671027,0.9909828421025705,1.2228302955627441,1.584542155265808,1.577797770500183,1.5113115310668945,1.2095974683761597,1.4006277322769165,1.893456574381644,1.4376474789034464
248465000000,0.00033042093962169365,0.0023057962506629424,-0.13396468879121562,0.9909833683179178,1.2212598323822021,1.5855941772460938,1.5692822933197021,1.4971369504928589,1.2000523805618286,1.413278579711914,1.8934532997031475,1.4376502242372413
248482000000,0.00032976267586721033,0.0023118597496668645,-0.13396160084442482,0.9909837718450664,1.2245769500732422,1.5917267799377441,1.577196717262268,1.5017472505569458,1.1940553188323975,1.413468599319458,1.8934508949743194,1.4376510904522921
248499000000,0.0003321269481228734,0.002316035296050951,-0.13396539652270367,0.9909832481968163,1.227945327758789,1.5910009145736694,1.58037531375885,1.5029257535934448,1.195764183998108,1.4030444622039795,1.8934495978348758,1.4376501288671595
248516000000,0.00034731903515476073,0.0022936388502251136,-0.1339526957760229,0.9909850119374405,1.2319550514221191,1.5924429893493652,1.5809217691421509,1.504384994506836,1.1975560188293457,1.403342843055725,1.8934365142432814,1.4376626447522889
248533000000,0.0003139918341613761,0.0022996741367180937,-0.13392916214375133,0.9909881898567034,1.2186821699142456,1.5859713554382324,1.5832008123397827,1.5015572309494019,1.1981929540634155,1.3990050554275513,1.8934359582855813,1.4376963749619827
248550000000,0.00032872080447773975,0.002311345948770766,-0.13391183591982872,0.9909904993606744,1.2258743047714233,1.5932585000991821,1.5769942998886108,1.5107674598693848,1.2033600807189941,1.4006932973861694,1.8934348308759892,1.4377245788693005
248567000000,0.000330054644404219,0.0023215775653308043,-0.13390783677367837,0.9909910153942536,1.2187082767486572,1.5806595087051392,1.5777101516723633,1.5063772201538086,1.2020983695983887,1.4015618562698364,1.8934316087647958,1.4377236074580324
248584000000,0.0003471288058114765,0.0022946574835948376,-0.13390574969579153,0.9909913542746139,1.2202491760253906,1.5903698205947876,1.5764752626419067,1.5074950456619263,1.200974702835083,1.4100861549377441,1.8934290816910964,1.4377308060529987
248601000000,0.0003282410222004169,0.002311791021290958,-0.13388936414194336,0.9909935348173425,1.2230942249298096,1.585018515586853,1.5722763538360596,1.5093646049499512,1.193490743637085,1.4065933227539062,1.8934265058575388,1.4377421195185047
248618000000,0.0003278441267594032,0.0023114208314248845,-0.13388752381379943,0.9909937844502245,1.2322053909301758,1.5851181745529175,1.576817512512207,1.5022169351577759,1.1966090202331543,1.400594711303711,1.8934241759096302,1.4377426764797583
248635000000,0.00032896302508710464,0.002321657933648915,-0.1338856763156997,0.9909940097524581,1.2216793298721313,1.5934491157531738,1.572709083557129,1.5039336681365967,1.2100414037704468,1.4018045663833618,1.8934220036994176,1.4377443012425877
248652000000,0.0003277246684558087,0.0023121281976555934,-0.1338696149546779,0.9909962022387501,1.2368520498275757,1.5858453512191772,1.5738404989242554,1.5093138217926025,1.1959476470947266,1.3978201150894165,1.8934194311707244,1.437762280252601
248669000000,0.00032741864931844423,0.0023113829627762097,-0.1338671870174435,0.9909965320554176,1.2227970361709595,1.5874629020690918,1.57293701171875,1.498112440109253,1.1998883485794067,1.4047538042068481,1.8934166591023853,1.4377625941897547
248686000000,0.00032712313393694115,0.002311012298785684,-0.13386570942467643,0.9909967326146127,1.2278730869293213,1.580278754234314,1.5739264488220215,1.5027552843093872,1.2019790410995483,1.4018093347549438,1.893414463799249,1.437763559495243
248703000000,0.00032820562798647915,0.002320473272966163,-0.13384924313345206,0.9909989343069231,1.2244441509246826,1.5866843461990356,1.5758585929870605,1.5064380168914795,1.1997593641281128,1.4061810970306396,1.89341186610737,1.4377821891073597
248720000000,0.0003270046666918983,0.0023120220414059203,-0.13384620890089607,0.9909993642706769,1.2257144451141357,1.5942238569259644,1.5721980333328247,1.5058988332748413,1.2002042531967163,1.411083459854126,1.8934093971022248,1.4377825043013266
248737000000,0.0003266709011486398,0.002310880149528495,-0.13384475496611573,0.9909995634141912,1.219881296157837,1.5941441059112549,1.577868938446045,1.5077924728393555,1.2017728090286255,1.401370644569397,1.8934069081292246,1.4377834765192783
248754000000,0.00032526258268398867,0.0023046230129366036,-0.13383056001527027,0.9910014955200722,1.2263507843017578,1.587949514389038,1.579927682876587,1.5066252946853638,1.1969411373138428,1.4083068370819092,1.8934053999324831,1.437802657839806
248771000000,0.00032767242600811674,0.0023202957672622663,-0.13382550183078076,0.9910021412277945,1.2230796813964844,1.5867955684661865,1.575153112411499,1.5032707452774048,1.1899503469467163,1.402163028717041,1.8934018735602152,1.4378025730761017
248788000000,0.00032628315757778174,0.002311536537031206,-0.13382369592820967,0.9910024060244522,1.218146562576294,1.58808171749115,1.5742582082748413,1.5027912855148315,1.1978247165679932,1.3992305994033813,1.8933996504614095,1.4378034470114136
248805000000,0.00030757088806536355,0.0022925181068597575,-0.13381735837169978,0.9910033119820029,1.2256355285644531,1.5908432006835938,1.574196696281433,1.5096728801727295,1.2046239376068115,1.3950870037078857,1.8933972282837912,1.4378112471286937
248822000000,0.00032560482277665704,0.002310120484994315,-0.13381228845942522,0.9910039499326406,1.2236326932907104,1.595792293548584,1.5726094245910645,1.5045973062515259,1.1993308067321777,1.4029098749160767,1.8933926174304774,1.4378142596976313
248839000000,0.00031451459043218595,0.0022998997634477965,-0.1338069638025573,0.9910046962449732,1.2284128665924072,1.5804733037948608,1.573432445526123,1.5038423538208008,1.1939539909362793,1.3995060920715332,1.8933853582435052,1.4378213435621945
248856000000,0.00033712128374045,0.0023119716212834686,-0.13379277549796403,0.9910065763459968,1.232438087463379,1.5826811790466309,1.5728095769882202,1.506602168083191,1.2066802978515625,1.4092210531234741,1.8933816493826647,1.43784276567414
248873000000,0.00032571352649064084,0.002309983605969081,-0.13378830938517183,0.9910071877430034,1.2312322854995728,1.5901647806167603,1.5724897384643555,1.5131136178970337,1.1998857259750366,1.403403639793396,1.8933790061103575,1.437842572537218
248890000000,0.00032483844491872104,0.0023089421660371897,-0.13377976381805368,0.9910083440914331,1.2297694683074951,1.584997296333313,1.5769864320755005,1.5143879652023315,1.203712821006775,1.4095590114593506,1.8933743061406791,1.4378517903884795
248907000000,0.00032453517226547536,0.002309325967564995,-0.1337772137880452,0.9910086875308436,1.2318661212921143,1.5899745225906372,1.5718375444412231,1.5035490989685059,1.2166986465454102,1.4103360176086426,1.8933720549324915,1.4378525878909398
248924000000,0.00032582582790670084,0.002318924329196204,-0.1337609638057463,0.9910108581591037,1.2330743074417114,1.5830758810043335,1.576282262802124,1.5008729696273804,1.2012076377868652,1.4042893648147583,1.8933694855137917,1.4378710455582098
248941000000,0.0003246350262681416,0.002310471499911978,-0.13375778258890408,0.9910113076703249,1.2275514602661133,1.5786627531051636,1.5745676755905151,1.504949927330017,1.201554536819458,1.4107695817947388,1.8933670284610502,1.437871378536427
248958000000,0.0003139762154693984,0.0023025925809930566,-0.13375348874740198,0.9910119089770014,1.2262815237045288,1.5905841588974,1.5744248628616333,1.505481243133545,1.2009551525115967,1.4077445268630981,1.8933651071083386,1.4378773354369545
248975000000,0.000324246647812779,0.002308586370637046,-0.13375214553149245,0.9910120730136456,1.2318834066390991,1.5867644548416138,1.5752123594284058,1.5119951963424683,1.2008030414581299,1.4043859243392944,1.8933574772423916,1.4378767407167115
248992000000,0.0003382465097230169,0.002285545682060969,-0.13374164850524362,0.9910135384167735,1.223331332206726,1.5820361375808716,1.5785027742385864,1.5080097913742065,1.2003287076950073,1.4056836366653442,1.8933533635048396,1.4378925885523581
249009000000,0.0003247149292342452,0.0023087729278151578,-0.13372564245449056,0.991015649058034,1.236792802810669,1.5933996438980103,1.575230598449707,1.5071734189987183,1.2031575441360474,1.4061238765716553,1.8933493074153267,1.4379023738523973
249026000000,0.0003240869230834646,0.0023090438978056495,-0.13370679110386782,0.991018192212762,1.2250863313674927,1.5825514793395996,1.5725704431533813,1.5111758708953857,1.1994777917861938,1.4144043922424316,1.8933443534624763,1.4379179127050945
249043000000,0.0003235807171395716,0.0023087845530894513,-0.13370508539776088,0.9910184231123983,1.2256114482879639,1.5906349420547485,1.5817242860794067,1.5010854005813599,1.1953221559524536,1.4056875705718994,1.8933419302076298,1.43791823914842
249060000000,0.0003217294562514202,0.0022957903691065455,-0.13369261980479874,0.9910201356412833,1.2233500480651855,1.5891586542129517,1.580527424812317,1.5040738582611084,1.199286699295044,1.4063620567321777,1.893339613396954,1.4379304038618324
249077000000,0.0003225475264284161,0.0023006142163647368,-0.1336826598504848,0.9910214677758602,1.2278294563293457,1.5932013988494873,1.5683526992797852,1.5069808959960938,1.1968621015548706,1.4019979238510132,1.8933322918958122,1.4379435384920896
249094000000,0.0003243237885797977,0.002318519244360175,-0.13366847432767232,0.9910233389045418,1.2212016582489014,1.593397855758667,1.5736371278762817,1.5014629364013672,1.2003591060638428,1.4090174436569214,1.893329302106076,1.437953669824602
249111000000,0.00032280875379131073,0.0023098546677877045,-0.13366662476745964,0.991023609097784,1.2303107976913452,1.5851905345916748,1.5724486112594604,1.5076568126678467,1.196008324623108,1.4108078479766846,1.893326970867495,1.4379542469224267
249128000000,0.0003225296270531785,0.0023086991571968306,-0.13366535788849415,0.9910237827536643,1.2324302196502686,1.5870168209075928,1.575026512145996,1.5043022632598877,1.1926515102386475,1.4090439081192017,1.8933244897983406,1.4379552496341843
249145000000,0.00032791978471214306,0.002306288688808646,-0.1336641736875565,0.9910239463168997,1.2246930599212646,1.5864671468734741,1.577423095703125,1.504467248916626,1.2027846574783325,1.407659888267517,1.8933178723891833,1.4379612551840852
249162000000,0.00032354830411989626,0.002317453995401281,-0.13364190933136605,0.9910269243535925,1.227190375328064,1.590368390083313,1.5750805139541626,1.5094141960144043,1.1962041854858398,1.4002118110656738,1.8933147131343986,1.4379814399527442
249179000000,0.0003221966652034297,0.002309345963694881,-0.13363908857910628,0.9910273241007408,1.2349947690963745,1.590492606163025,1.587015986442566,1.5076625347137451,1.200107455253601,1.3999619483947754,1.8933121727768127,1.4379815038795756
249196000000,0.0003213628739610255,0.0023056787265180855,-0.1336284509502317,0.9910287673262341,1.220005989074707,1.5835844278335571,1.5769187211990356,1.51542329788208,1.192819595336914,1.4061006307601929,1.8933035365043929,1.437993450315092
249213000000,0.0003054642719558916,0.0022965773802005544,-0.1336107519132166,0.9910311798309376,1.2254785299301147,1.5915390253067017,1.5775773525238037,1.5062956809997559,1.2054136991500854,1.4045677185058594,1.8932962640403208,1.43801035119525
249230000000,0.00032164819743435755,0.002304912942371187,-0.13359847052497945,0.9910328110573088,1.2303216457366943,1.5841524600982666,1.5759247541427612,1.5107026100158691,1.1996524333953857,1.4051777124404907,1.8932896347932304,1.4380226396812195
249247000000,0.0003187728654948516,0.002299758136650382,-0.13358782532366553,0.9910342589545869,1.2291945219039917,1.5902739763259888,1.5745140314102173,1.5140256881713867,1.1964702606201172,1.3987951278686523,1.8932840976862584,1.4380300107984216
249264000000,0.0003332924070885722,0.0023096222187518117,-0.13358406132934722,0.9910347386041194,1.227713942527771,1.583268165588379,1.5820250511169434,1.5042469501495361,1.1969056129455566,1.4076730012893677,1.8932768336117474,1.4380317981917277
249281000000,0.0003258748501242337,0.002311918945574898,-0.133570512260682,0.9910365619344174,1.2259914875030518,1.5910693407058716,1.5749237537384033,1.5071252584457397,1.2037379741668701,1.393844723701477,1.8932723059859087,1.4380500709968913
249298000000,0.00033575685908114773,0.0022835764251847566,-0.13355392385589518,0.9910388599690406,1.22533118724823,1.5952717065811157,1.5763088464736938,1.5069230794906616,1.1970679759979248,1.4069379568099976,1.8932649288344863,1.438069249369695
249315000000,0.0003215896608012528,0.00231635097562982,-0.13353057272211358,0.9910419351605422,1.2213258743286133,1.5958009958267212,1.5734249353408813,1.5093704462051392,1.1991029977798462,1.4139134883880615,1.893258085836221,1.4380855244679678
249332000000,0.00032006957529798723,0.0023077730329825173,-0.13352813351408646,0.9910422843145189,1.2151141166687012,1.5894644260406494,1.5876667499542236,1.5035139322280884,1.207139492034912,1.40713632106781,1.8932556054642151,1.438085877971233
249349000000,0.0003197324733064562,0.002306629435384147,-0.13352670304820471,0.9910424798185342,1.2223819494247437,1.5849874019622803,1.5769720077514648,1.5154666900634766,1.1928657293319702,1.4030488729476929,1.8932531199885305,1.4380868537509965
249366000000,0.00031958282134827233,0.00230621912459469,-0.1335252799711639,0.9910426725569349,1.2237058877944946,1.5899678468704224,1.5732848644256592,1.5098400115966797,1.203906774520874,1.4078694581985474,1.8932509795079133,1.4380879921245853
249383000000,0.00031851386184151805,0.0023026109458855934,-0.13351334907347295,0.9910442886929608,1.2261600494384766,1.5951765775680542,1.5800238847732544,1.506176471710205,1.2008274793624878,1.4005522727966309,1.8932468223716712,1.438106837702298
249400000000,0.0002983589524005537,0.0022869642560564255,-0.13350113627125657,0.9910459764262758,1.2274348735809326,1.5983818769454956,1.5753613710403442,1.5043517351150513,1.205155611038208,1.3972318172454834,1.893240073385786,1.4381089738727677
249417000000,0.0003199890759511406,0.0023072591649959686,-0.13348912974921265,0.9910475399298133,1.227691411972046,1.5873134136199951,1.5727365016937256,1.5113283395767212,1.204368233680725,1.3979295492172241,1.8932359058619368,1.4381241871512236
249434000000,0.0003286498818779498,0.0023047131047155933,-0.13347619136095665,0.9910492856697559,1.231360912322998,1.5947530269622803,1.571898341178894,1.5186951160430908,1.1964235305786133,1.4112184047698975,1.8932290336887732,1.4381367667310625
249451000000,0.00031748703831337003,0.0022967402700859313,-0.13347758757719552,0.9910491197719135,1.2265779972076416,1.5837681293487549,1.575559139251709,1.5142072439193726,1.1962995529174805,1.4081052541732788,1.8932206514492336,1.438131353783139
249468000000,0.0003114212656560872,0.002295131568652889,-0.13346277309274018,0.991051120571625,1.2307735681533813,1.5846912860870361,1.5873018503189087,1.5093622207641602,1.2089475393295288,1.397803544998169,1.89321591142521,1.438151560907161
249485000000,0.000319003180247881,0.0023043697868648625,-0.13344925052487316,0.9910529176846239,1.2246557474136353,1.583939552307129,1.5738481283187866,1.5045150518417358,1.2075251340866089,1.413127064704895,1.8932112877099863,1.4381601957106451
249502000000,0.00031976550248593243,0.002317213536830409,-0.13344631254328826,0.9910532830983646,1.2354260683059692,1.6007440090179443,1.5618600845336914,1.5158863067626953,1.1977263689041138,1.4024802446365356,1.8932037064675136,1.4381639439444693
249519000000,0.00031818871830064223,0.002304712386230653,-0.13343168008322823,0.9910552829216559,1.2253923416137695,1.5917125940322876,1.5734238624572754,1.5066947937011719,1.2010890245437622,1.399307131767273,1.8931991866789675,1.4381802302394442
249536000000,0.0003176375110953953,0.002293413408308471,-0.13342526788279918,0.9910561726016106,1.228738784790039,1.5798536539077759,1.567139983177185,1.5020933151245117,1.1990554332733154,1.4063520431518555,1.893196059944579,1.4381859871594587
249553000000,0.000329431442106361,0.0022852249190791333,-0.133419530902619,0.99105696001578,1.2323898077011108,1.585196852684021,1.578060269355774,1.5034412145614624,1.2035973072052002,1.3986202478408813,1.893186793390154,1.4381971295677907
249570000000,0.0003169358363620812,0.0023039817031989206,-0.1334031637832324,0.9910591239238007,1.2247276306152344,1.5949941873550415,1.5667146444320679,1.5050861835479736,1.207836627960205,1.4042125940322876,1.893183262421287,1.4382116471602617
249587000000,0.000301004324611845,0.0023103123399637643,-0.13339994551512116,0.9910595473481153,1.2250714302062988,1.583917260169983,1.5778087377548218,1.5181994438171387,1.2045592069625854,1.4006071090698242,1.8931800853281733,1.4382107476281971
249604000000,0.00031655003565807645,0.00230450914996538,-0.13340049023677514,0.9910594826942735,1.2303886413574219,1.5924240350723267,1.5689620971679688,1.511278748512268,1.1994788646697998,1.4073532819747925,1.8931780277171137,1.4382120183254148
249621000000,0.000327603714430204,0.002291265177184103,-0.13339216364168455,0.991060630566407,1.2249945402145386,1.5956082344055176,1.5771116018295288,1.5026748180389404,1.1971406936645508,1.4050922393798828,1.8931736840041336,1.4382285439339382
249638000000,0.0003166751786174104,0.002304560817056807,-0.133380515198727,0.991062171047606,1.2201168537139893,1.589558482170105,1.5776447057724,1.4970124959945679,1.2027761936187744,1.4046404361724854,1.8931672634360508,1.4382382390445918
249655000000,0.00031735020353745457,0.0023137367181898286,-0.13337846781816085,0.9910624249933639,1.2281558513641357,1.5908294916152954,1.5730057954788208,1.4964247941970825,1.2088780403137207,1.4122780561447144,1.8931647406979217,1.438238904351364
249672000000,0.0003026644630399831,0.0022896932058268094,-0.13337029408239065,0.9910635854250841,1.2292121648788452,1.5856239795684814,1.5705159902572632,1.5027626752853394,1.208010196685791,1.4075883626937866,1.8931600586408892,1.4382512303815154
249689000000,0.0003162364363058717,0.002300848533520756,-0.13335640382792036,0.9910654245046725,1.226258397102356,1.595791220664978,1.5739426612854004,1.5063163042068481,1.1988296508789062,1.40769624710083,1.8931562159172155,1.4382621800259823
249706000000,0.0003231822827838534,0.0023114554049975316,-0.13334246608801895,0.9910672729258536,1.2305337190628052,1.5899475812911987,1.5752182006835938,1.5096442699432373,1.2110460996627808,1.407312273979187,1.8931495381506191,1.4382746339899612
249723000000,0.00032707015640937053,0.0022868069805390243,-0.1333365868086158,0.9910681198369642,1.2359001636505127,1.5771993398666382,1.5713798999786377,1.5019830465316772,1.1969492435455322,1.4064058065414429,1.8931415036391963,1.4382810169925213
249740000000,0.00029662117611241166,0.0022895085480917846,-0.13332708232915658,0.9910694018503854,1.2237200736999512,1.5876694917678833,1.574891448020935,1.5100884437561035,1.1958959102630615,1.403146505355835,1.8931364534533313,1.4382878262670036
249757000000,0.00029601192005590304,0.0022867319759757314,-0.13331542591399237,0.9910709764931995,1.225829005241394,1.5882633924484253,1.5686869621276855,1.5062357187271118,1.2065186500549316,1.4062267541885376,1.8931304590072078,1.4383024279714893
249774000000,0.0003157181618460184,0.0023127310896954444,-0.1333059244630507,0.9910721881376757,1.2292033433914185,1.579304814338684,1.574103593826294,1.5000721216201782,1.207384705543518,1.4048490524291992,1.8931258631735646,1.438311403266055
249791000000,0.0003142370330313784,0.002303059447000348,-0.133304054233483,0.9910724626873595,1.227128028869629,1.5909268856048584,1.5782299041748047,1.5050288438796997,1.2012014389038086,1.4037795066833496,1.893123558784814,1.4383124805386793
249808000000,0.00029543313557679426,0.0022821396031617184,-0.13329652019455143,0.9910735301995093,1.2228150367736816,1.5916471481323242,1.5707056522369385,1.504138708114624,1.206131100654602,1.4129718542099,1.8931198804074096,1.4383211339163915
249825000000,0.00031505012552829434,0.0023040979442761245,-0.13328376518632348,0.9910751887792564,1.2245614528656006,1.5959712266921997,1.5680873394012451,1.5082447528839111,1.204247236251831,1.4082926511764526,1.8931152611840143,1.4383348935867293
249842000000,0.0003104970863735692,0.002276002408844194,-0.13327687916701064,0.9910761811708001,1.2292819023132324,1.591974139213562,1.5758132934570312,1.4972060918807983,1.2068123817443848,1.404328465461731,1.8931083729913993,1.438342854102711
249859000000,0.0003135602907772584,0.00230247579603305,-0.1332665326556212,0.9910775103689424,1.224153757095337,1.589241862297058,1.5714354515075684,1.5006418228149414,1.1954209804534912,1.396852731704712,1.8931030618186548,1.4383520198310609
249876000000,0.0003130407449077545,0.0022989203521873005,-0.1332635490190013,0.9910779199808494,1.2300031185150146,1.58624267578125,1.571269154548645,1.514355182647705,1.1950457096099854,1.4032453298568726,1.893101088214069,1.4383536096515301
249893000000,0.0003135858934045604,0.0023005818984404573,-0.13324761623342463,0.9910800581965749,1.2294877767562866,1.5879801511764526,1.5765252113342285,1.5177369117736816,1.1945463418960571,1.4043806791305542,1.8930952849500915,1.4383733586813188
249910000000,0.0003170441868115235,0.002296759423949895,-0.1332332285992669,0.9910820002281081,1.2289018630981445,1.5841050148010254,1.5826067924499512,1.5131139755249023,1.199629306793213,1.4003463983535767,1.893089969257775,1.4383868045274864
249927000000,0.0003128023172511004,0.002301810723830479,-0.13322895899871887,0.9910825638190895,1.2329181432724,1.5935174226760864,1.5720593929290771,1.5024516582489014,1.1981645822525024,1.3963536024093628,1.8930824320314783,1.4383914393365445
249944000000,0.00031245815178386125,0.0023016215450384373,-0.133227170087299,0.991082804844629,1.229014277458191,1.5932884216308594,1.5808266401290894,1.5074875354766846,1.1953938007354736,1.4048576354980469,1.8930803049290612,1.438392473566235
249961000000,0.00031148542155231656,0.0022979379616016003,-0.13321489216117985,0.9910844640919573,1.2274830341339111,1.59485924243927,1.5735687017440796,1.504162073135376,1.205196738243103,1.3974356651306152,1.893076115510631,1.4384110584143688
249978000000,0.0002909453881855276,0.0022824182920174567,-0.13320394745776823,0.9910859772487902,1.2284436225891113,1.5943959951400757,1.580366849899292,1.5023068189620972,1.2059109210968018,1.410442590713501,1.8930691053567805,1.438412721947786
249995000000,0.0002925827283872304,0.0022903012755039966,-0.1331936826900276,0.9910873381326607,1.225921630859375,1.5960700511932373,1.5670287609100342,1.5058047771453857,1.1978278160095215,1.4012037515640259,1.8930624899131216,1.4384296018538913
250012000000,0.0003116553601498422,0.002301091728657494,-0.13318993436951507,0.9910878110593617,1.2290512323379517,1.5848921537399292,1.5809208154678345,1.510115146636963,1.1988632678985596,1.4153927564620972,1.8930596956725985,1.438431929198153
250029000000,0.00032561154937378476,0.0022744751179146357,-0.13318614435458426,0.9910883773367625,1.2294878959655762,1.5864585638046265,1.5665119886398315,1.5057847499847412,1.2034211158752441,1.394012451171875,1.8930580130457193,1.4384408039472887
250046000000,0.00032526020613302695,0.002276802275238237,-0.13317648640548482,0.9910896699319832,1.2248879671096802,1.5876022577285767,1.574269413948059,1.5087343454360962,1.202579379081726,1.4066673517227173,1.8930517639315771,1.4384571602315477
250063000000,0.0003124279111141466,0.002310546684218165,-0.1331680322520281,0.9910907319458412,1.2281973361968994,1.59259033203125,1.5684781074523926,1.5027010440826416,1.2011265754699707,1.39457106590271,1.8930463172359508,1.438458310729404
250080000000,0.00029211814378761675,0.0022872476207227233,-0.13316281484905906,0.9910914932067507,1.228513240814209,1.6031267642974854,1.5750477313995361,1.5045421123504639,1.2007983922958374,1.3987441062927246,1.8930445756259646,1.4384612724867416
250097000000,0.0003117337656712638,0.002301766623174345,-0.13314748031448914,0.99109351384134,1.2291593551635742,1.587101936340332,1.5720993280410767,1.508924126625061,1.1986665725708008,1.4067503213882446,1.8930380619169822,1.4384805703247923
250114000000,0.000322293930470888,0.00230576145054425,-0.1331438633127579,0.9910939870935095,1.225317358970642,1.5885674953460693,1.5824363231658936,1.5139907598495483,1.2033125162124634,1.4128856658935547,1.8930302386942932,1.4384881578171524
250131000000,0.0002932736485736695,0.002285525685255787,-0.13313626378667218,0.9910950638701793,1.2302308082580566,1.59496009349823,1.5801488161087036,1.5131852626800537,1.207247257232666,1.4091482162475586,1.8930232389266817,1.4384938616591394
250148000000,0.0003103392025163958,0.0023004303769018452,-0.13312536386074453,0.9910964883433928,1.2271859645843506,1.5963633060455322,1.5748121738433838,1.5144072771072388,1.2043639421463013,1.4078030586242676,1.8930203055228882,1.4385029142596046
250165000000,0.00031139596659881597,0.002310161413469693,-0.1331235642471715,0.991096707102251,1.2284033298492432,1.5906898975372314,1.5791250467300415,1.5086451768875122,1.208390712738037,1.4011476039886475,1.8930178125965291,1.438503998222982
250182000000,0.0003101541845118687,0.00230135574358509,-0.13312193312065132,0.991096947068421,1.2289396524429321,1.59132719039917,1.5799254179000854,1.5087347030639648,1.1943504810333252,1.4019907712936401,1.8930156831979275,1.438505132467634
250199000000,0.0003090979995856914,0.002291522892782072,-0.13311988157203178,0.9910972457390379,1.2282469272613525,1.592572569847107,1.5674974918365479,1.5060476064682007,1.2025752067565918,1.4013572931289673,1.893013297975049,1.4385060014797457
250216000000,0.0003101378576911296,0.0023006322012513545,-0.13310306785432224,0.9910994825110906,1.2303199768066406,1.5906925201416016,1.5737732648849487,1.5052170753479004,1.195472240447998,1.4090105295181274,1.893009552465477,1.4385302800673612
250233000000,0.00030970614627187767,0.0023000203456423345,-0.13310003014757416,0.9910998920205912,1.2261594533920288,1.5851057767868042,1.5812692642211914,1.507022500038147,1.2024286985397339,1.3968580961227417,1.8930066136531336,1.4385300302130393
250250000000,0.00030934352291485113,0.002299532234043124,-0.1330985344796209,0.9911000941264544,1.2206507921218872,1.5834470987319946,1.5690767765045166,1.5165387392044067,1.1951658725738525,1.3908454179763794,1.8930043681758106,1.4385308131641854
250267000000,0.0003208822881375988,0.002290545450174321,-0.13308829252705873,0.9911014866441933,1.2297112941741943,1.5856977701187134,1.5715413093566895,1.504409909248352,1.1944514513015747,1.4043052196502686,1.8929998499850889,1.4385511834170932
250284000000,0.0003091960392546929,0.002299268876629539,-0.1330781992734619,0.991102825461907,1.2307771444320679,1.6072286367416382,1.5816545486450195,1.5166375637054443,1.2071363925933838,1.4059913158416748,1.8929978087636357,1.438554852868448
250301000000,0.00031003823320232085,0.0023089614702378144,-0.13307654988709652,0.9911030241318862,1.2339239120483398,1.5945749282836914,1.5771538019180298,1.4999043941497803,1.206654667854309,1.4006900787353516,1.8929951847695414,1.4385554986099527
250318000000,0.0002893169349012685,0.0022853916844681496,-0.13307183538651143,0.9911037180373328,1.230509877204895,1.5825411081314087,1.5756559371948242,1.5084068775177002,1.203919768333435,1.4080168008804321,1.8929933109221704,1.438558208780704
250335000000,0.0003205255656952454,0.0022967463475736345,-0.13305568366322312,0.9911058506862367,1.2255384922027588,1.5822802782058716,1.5714666843414307,1.5101910829544067,1.205426812171936,1.3920161724090576,1.892988982089146,1.4385839199205224
250352000000,0.000308726080545749,0.002300311203370823,-0.13305531247794014,0.9911058959959691,1.2291207313537598,1.5879768133163452,1.5745201110839844,1.509285807609558,1.2024595737457275,1.4042694568634033,1.8929828883890387,1.4385832975269195
250369000000,0.00032011553125493034,0.0022809501070564383,-0.13304801592024942,0.9911069166605291,1.2354023456573486,1.5827288627624512,1.5750142335891724,1.4947309494018555,1.2023558616638184,1.4052677154541016,1.892972986364482,1.4385978508040766
250386000000,0.00032136160564257135,0.0023168293433953077,-0.13304250421665892,0.9911075729204536,1.2406508922576904,1.5883272886276245,1.5826034545898438,1.4977940320968628,1.2004674673080444,1.3945401906967163,1.8929656875791934,1.4386011504438796
250403000000,0.00032008806422577,0.002282908974658,-0.1330491334215258,0.9911067621432242,1.2363184690475464,1.5902209281921387,1.5699228048324585,1.5067046880722046,1.2041600942611694,1.3976794481277466,1.8929615224511853,1.4385962567700972
250420000000,0.0003061844482047389,0.0022876985235254278,-0.13303795868161122,0.991108255558584,1.2255316972732544,1.5873500108718872,1.5730854272842407,1.4975494146347046,1.186707615852356,1.4015387296676636,1.8929517038537238,1.4386083453414695
250437000000,0.00030749431064020215,0.002298682124928773,-0.13303384694887274,0.9911087816550317,1.2327393293380737,1.5847549438476562,1.5687313079833984,1.5113840103149414,1.2042664289474487,1.4124078750610352,1.8929485472456964,1.4386088907703938
250454000000,0.00030721377429000036,0.002298227817925251,-0.13303219700519192,0.9911090042616735,1.2246524095535278,1.5917832851409912,1.5691404342651367,1.5091893672943115,1.201252818107605,1.3995726108551025,1.8929463605282772,1.438609851005207
